<?xml version="1.0" encoding="UTF-8" ?>
<!DOCTYPE mapper PUBLIC "-//mybatis.org//DTD Mapper 3.0//EN" "http://mybatis.org/dtd/mybatis-3-mapper.dtd" >
<mapper namespace="com.twy.tripwithyou_spring.mapper.ReviewMapper">
    <resultMap id="reviewMap" type="ReviewDto">
        <id property="reviewNo" column="review_no"/>
        <result property="localNo" column="local_no"/>
        <result property="kindNo" column="kind_no"/>
        <result property="uploadNo" column="upload_no"/>
        <association property="upload"
                     column="upload_no"
                     select="com.twy.tripwithyou_spring.mapper.UploadMapper.findById"
                     fetchType="eager"/>
    </resultMap>
    <insert id="insert" parameterType="reviewDto" useGeneratedKeys="true" keyProperty="reviewNo">
        INSERT INTO review (local_no,kind_no,upload_no) VALUES (#{localNo},#{kindNo},#{uploadNo})
    </insert>
    <update id="updateById">
        UPDATE review SET local_no=#{localNo}, kind_no=#{kindNo} WHERE review_no=#{reviewNo}
    </update>
    <update id="updateByUploadNo">
        UPDATE review SET local_no=#{localNO}, kind_no=#{kindNo} WHERE upload_no=#{uploadNo}
    </update>
    <delete id="deleteById">
        DELETE FROM review WHERE review_no=#{reviewNo}
    </delete>
    <delete id="deleteByUploadNo">
        DELETE FROM review WHERE upload_no=#{uploadNo}
    </delete>
    <select id="findAll" resultMap="reviewMap">
        SELECT * FROM review
    </select>
    <select id="findPaging" resultMap="reviewMap"></select>
    <select id="count" resultType="java.lang.Integer"></select>
    <select id="findById" resultMap="reviewMap">
        SELECT * FROM review WHERE review_no=#{reviewNo}
    </select>
    <select id="findByUploadNo" resultMap="reviewMap">
        SELECT * FROM review WHERE upload_no=#{uploadNo}
    </select>
    <select id="findByLocalNo" resultMap="reviewMap">
        SELECT * FROM review WHERE local_no=#{localNo}
    </select>
    <select id="findByKindNo" resultMap="reviewMap">
        SELECT * FROM review WHERE kind_no=#{kindNo}
    </select>
</mapper>