<?xml version="1.0" encoding="UTF-8" ?>
<!DOCTYPE mapper PUBLIC "-//mybatis.org//DTD Mapper 3.0//EN" "http://mybatis.org/dtd/mybatis-3-mapper.dtd" >
<mapper namespace="com.twy.tripwithyou_spring.mapper.UserMapper">
    <insert id="insert">
        INSERT INTO tripwithyou.user (user_id,tripwithyou.user.name,pw,phone,gender,email,birth) VALUES
            (#{userId},#{name},#{pw},#{phone},#{gender},#{email},#{birth})
    </insert>
    <update id="updateLogin">
        UPDATE tripwithyou.user SET latest_login=now() where user_id= #{userId}
    </update>
    <update id="switchLoginState">
        UPDATE tripwithyou.user SET login_state=(1-user.login_state) where user_id= #{userId}
    </update>
    <select id="findByUserIdAndPw" resultType="com.twy.tripwithyou_spring.dto.UserDto">
        SELECT * FROM tripwithyou.user where user_id=#{id} and pw=#{pw}
    </select>
    <select id="findById" resultType="com.twy.tripwithyou_spring.dto.UserDto">
        SELECT * FROM tripwithyou.user where user_id = #{userId}
    </select>
</mapper>