<?xml version="1.0" encoding="UTF-8" ?>
<!DOCTYPE mapper PUBLIC "-//mybatis.org//DTD Mapper 3.0//EN" "http://mybatis.org/dtd/mybatis-3-mapper.dtd" >
<mapper namespace="com.twy.tripwithyou_spring.mapper.TempPlaceMapper">
    <resultMap id="tempPlaceMap" type="TempPlaceDto" autoMapping="true">
        <id column="t_place_no" property="tPlaceNo"/>
        <result column="img_path" property="imgPath"/>
        <result column="open_hour" property="openHour"/>
        <result column="tp_no" property="tpNo"/>
    </resultMap>

    <insert id="insert">
        INSERT INTO temp_place (name, address, img_path, tel, open_hour, rate, type, tp_no)
        VALUES (#{name}, #{address}, #{imgPath}, #{tel}, #{openHour}, #{rate}, #{type}, #{tpNo})
    </insert>
    <delete id="deleteByTpNo">
        DELETE FROM temp_place WHERE tp_no=#{tpNo}
    </delete>
    <select id="findAll" resultMap="tempPlaceMap">
        SELECT * FROM temp_place
    </select>
    <select id="findByTpNo" resultMap="tempPlaceMap">
        SELECT * FROM temp_place WHERE tp_no=#{tpNo}
    </select>
</mapper>